Position,Strand,Guide,PAM,GC%
71,Forward,CTCTCCCCTTTCTCACTTTG,TGG,50.0
270,Forward,TTGTTTTTCTTTGTGTGGGG,TGG,40.0
274,Forward,TTTTCTTTGTGTGGGGTGGA,TGG,45.0
275,Forward,TTTCTTTGTGTGGGGTGGAT,GGG,45.0
285,Forward,TGGGGTGGATGGGTGTGTTG,TGG,60.0
288,Forward,GGTGGATGGGTGTGTTGTGG,AGG,60.0
293,Forward,ATGGGTGTGTTGTGGAGGTG,AGG,55.0
505,Forward,TCGTTTTCAGACCCTACTTG,TGG,45.0
506,Forward,CGTTTTCAGACCCTACTTGT,GGG,45.0
516,Forward,CCCTACTTGTGGGATTACAC,TGG,50.0
517,Forward,CCTACTTGTGGGATTACACT,GGG,45.0
570,Forward,ATTGCCCCAACCTTCACTTT,AGG,45.0
831,Forward,CTCCTTGTGAGTTTTGAAAG,AGG,40.0
877,Forward,TTTTTCAGAATGGGAAGCTC,TGG,40.0
880,Forward,TTCAGAATGGGAAGCTCTGG,TGG,50.0
892,Forward,AGCTCTGGTGGTATTGACTA,TGG,45.0
932,Forward,ATCTTGAGAGGGAACCTTAC,TGG,45.0
964,Forward,AAGCTCCGTATTTCCATTAC,TGG,40.0
965,Forward,AGCTCCGTATTTCCATTACT,GGG,40.0
966,Forward,GCTCCGTATTTCCATTACTG,GGG,45.0
970,Forward,CGTATTTCCATTACTGGGGC,TGG,50.0
973,Forward,ATTTCCATTACTGGGGCTGG,AGG,50.0
974,Forward,TTTCCATTACTGGGGCTGGA,GGG,50.0
1014,Forward,TGCTCGCCGTTTGAAGAGCG,AGG,60.0
1015,Forward,GCTCGCCGTTTGAAGAGCGA,GGG,60.0
1065,Forward,GAAGAATGAGCACATGACAG,AGG,45.0
1095,Forward,CTGTCATGAGTTTCATCTTG,CGG,40.0
1103,Forward,AGTTTCATCTTGCGGATCTT,AGG,40.0
1104,Forward,GTTTCATCTTGCGGATCTTA,GGG,40.0
1110,Forward,TCTTGCGGATCTTAGGGTTA,TGG,45.0
1170,Forward,CTTCAACCTTGCTGCTGATA,TGG,45.0
1171,Forward,TTCAACCTTGCTGCTGATAT,GGG,40.0
1174,Forward,AACCTTGCTGCTGATATGGG,TGG,50.0
1179,Forward,TGCTGCTGATATGGGTGGCA,TGG,55.0
1180,Forward,GCTGCTGATATGGGTGGCAT,GGG,55.0
1256,Forward,TCAATATGATGGAAGCTGCT,AGG,40.0
1355,Forward,CGTGCTTAGCATTAAGTTCC,CGG,45.0
1521,Forward,GCCTGAAAGAAGCTGATGCA,TGG,50.0
1531,Forward,AGCTGATGCATGGCCTGCAG,AGG,60.0
1645,Forward,TTCTAGCCTCAAGATGCATA,TGG,40.0
1650,Forward,GCCTCAAGATGCATATGGTT,TGG,45.0
1738,Forward,GGAAGGTTCCATAACATCTA,TGG,40.0
1754,Forward,TCTATGGACCTTTTGGAACC,TGG,45.0
1759,Forward,GGACCTTTTGGAACCTGGAA,AGG,50.0
1861,Forward,TTTTCTGCATTTCAGGTGGA,AGG,40.0
1862,Forward,TTTCTGCATTTCAGGTGGAA,GGG,40.0
1932,Forward,AAGTTTGAAATGTGGGGAGA,TGG,40.0
1979,Forward,CATTGATGAGTGTGTTGAAG,GGG,40.0
1987,Forward,AGTGTGTTGAAGGGGTTCTT,AGG,45.0
2095,Forward,GTCGTGTTTTGTGCTTTGAT,TGG,40.0
2195,Forward,GGGGACCTTACTTGTTACTT,TGG,45.0
2365,Forward,TTCCGTGAGCCAGTAAACAT,TGG,45.0
2397,Forward,GATGGTCAGCATGAATGAGA,TGG,45.0
2406,Forward,CATGAATGAGATGGCTGAGA,TGG,45.0
2421,Forward,TGAGATGGTCCTCAGCTTTG,AGG,50.0
2452,Forward,CTTCCTGTCCAACACATTCC,TGG,50.0
2461,Forward,CAACACATTCCTGGCCCAGA,AGG,55.0
2509,Forward,ACGCTGATTAAAGAGAAGCT,TGG,40.0
2535,Forward,GGCTCCAACAATGAGATTGA,AGG,45.0
2671,Forward,AATGATCATTCTCCGAGTGC,AGG,45.0
2675,Forward,ATCATTCTCCGAGTGCAGGA,TGG,50.0
26,Reverse,TTCTCAGACCATCCTGCACT,CGG,50.0
149,Reverse,GTCAGCAGTAAAGAGTGTAA,TGG,40.0
170,Reverse,GGTACCTTCAATCTCATTGT,TGG,40.0
222,Reverse,TGTTGTCTGAGTTGCGACCA,CGG,50.0
249,Reverse,CTTCTGGGCCAGGAATGTGT,TGG,55.0
254,Reverse,GGGCCAGGAATGTGTTGGAC,AGG,60.0
279,Reverse,GCTTCTTGTCCTCAAAGCTG,AGG,50.0
342,Reverse,TTCCAATGTTTACTGGCTCA,CGG,40.0
349,Reverse,GTTTACTGGCTCACGGAAGT,CGG,50.0
521,Reverse,AACAAGTAAGGTCCCCCTTG,AGG,50.0
816,Reverse,GCTTTTCTACAAAAAGCGGC,AGG,45.0
947,Reverse,TTACCTTTCCAGGTTCCAAA,AGG,40.0
1058,Reverse,TCCAAACCATATGCATCTTG,AGG,40.0
1165,Reverse,TTTAGGAAACAAACCTCTGC,AGG,40.0
1187,Reverse,GCCATGCATCAGCTTCTTTC,AGG,50.0
1335,Reverse,ATATGGTAATGCAGCAAGTC,CGG,40.0
1336,Reverse,TATGGTAATGCAGCAAGTCC,GGG,45.0
1533,Reverse,TGCCACCCATATCAGCAGCA,AGG,55.0
1545,Reverse,CAGCAGCAAGGTTGAAGACA,TGG,50.0
1657,Reverse,CTCATTCTTCTTCCAATCAG,AGG,40.0
1689,Reverse,AGTGGCCCTCGCTCTTCAAA,CGG,55.0
1732,Reverse,AAACCCTCCAGCCCCAGTAA,TGG,55.0
1740,Reverse,CAGCCCCAGTAATGGAAATA,CGG,45.0
1754,Reverse,GAAATACGGAGCTTCTCAGA,CGG,45.0
1763,Reverse,AGCTTCTCAGACGGCCAGTA,AGG,55.0
1882,Reverse,TTTCAAAACTCACAAGGAGC,AGG,40.0
2133,Reverse,TTAGCTCCTAAAGTGAAGGT,TGG,40.0
2134,Reverse,TAGCTCCTAAAGTGAAGGTT,GGG,40.0
2135,Reverse,AGCTCCTAAAGTGAAGGTTG,GGG,45.0
2192,Reverse,CCCAGTGTAATCCCACAAGT,AGG,50.0
2193,Reverse,CCAGTGTAATCCCACAAGTA,GGG,45.0
2632,Reverse,GCAAAACCACAAAGTGAGAA,AGG,40.0
